{"numbuildings": [184, 89, 387, 227], "zip_filename_list": ["sunshine_0_0.geojson.zip", "sunshine_0_1.geojson.zip", "sunshine_1_0.geojson.zip", "sunshine_1_1.geojson.zip"], "center": [114.21226777460792, 22.691370500612546]}